N,k,converged,cos_to_true,cos_err,l2_err_direction,w_norm,error
50,0,True,0.9826894188886094,0.01731058111139061,0.18606762808930835,1.119925631888954,
50,1,True,0.8891700860123015,0.11082991398769848,0.47080763372676615,0.7452999877354785,
50,2,True,0.973068691528266,0.026931308471733972,0.23208321124861203,1.270121672502752,
50,3,True,0.9344083757734594,0.06559162422654063,0.3621922810512139,1.0259707396459732,
50,4,True,0.9082859207737232,0.09171407922627683,0.42828513685692354,0.8485232322988494,
50,5,True,0.9057955303023261,0.09420446969767393,0.4340609858019352,1.0007059788959844,
50,6,True,0.8861964625360232,0.11380353746397676,0.4770818325276637,0.954154466797532,
50,7,True,0.9365695612947963,0.0634304387052037,0.35617534643824983,0.9045342102181176,
50,8,True,0.8917550830512367,0.10824491694876326,0.46528468048875893,0.9159492642181032,
50,9,True,0.9594534607494807,0.04054653925051932,0.2847684647236043,1.205832584265395,
50,10,True,0.96833260661401,0.031667393385990006,0.25166403551556543,1.0422643025880076,
50,11,True,0.9787618557099542,0.02123814429004578,0.20609776461692064,0.9479675856637603,
50,12,True,0.5708960429070331,0.4291039570929669,0.9263951177472461,0.9391343450260771,
50,13,True,0.9396297315276276,0.06037026847237237,0.3474773905518815,1.1787884040492134,
50,14,True,0.9039903462078744,0.09600965379212556,0.4382000771157528,1.0154814991273244,
50,15,True,0.9180340022376953,0.08196599776230473,0.4048851633792096,0.8300587233639865,
50,16,True,0.95109910406437,0.04890089593562996,0.3127327802953501,1.1137502548615383,
50,17,True,0.9546654572898711,0.04533454271012893,0.3011130774646929,1.1033511294862595,
50,18,True,0.9388773683707153,0.06112263162928466,0.3496359009863965,1.1488186721240017,
50,19,True,0.9488365679291916,0.05116343207080842,0.3198857048097287,1.3431620870921743,
50,20,True,0.7959829842961076,0.2040170157038924,0.6387754154691496,1.4255099822854018,
50,21,True,0.9460125559933479,0.05398744400665212,0.328595325610856,0.9941259055045991,
50,22,True,0.965889542054803,0.03411045794519696,0.2611913396159869,1.5256742454541294,
50,23,True,0.9231635868392184,0.0768364131607816,0.3920112579015597,1.2861809028077114,
50,24,True,0.9323329673643319,0.06766703263566809,0.3678777857812785,1.148795322748794,
50,25,True,0.9264419657684246,0.07355803423157536,0.38355712542351583,0.7665840639095944,
50,26,True,0.9683546463107171,0.031645353689282896,0.2515764444032191,1.1526435213239974,
50,27,True,0.9203804200566565,0.07961957994334345,0.39904781654168586,1.4315173125610354,
50,28,True,0.9914315278693535,0.008568472130646487,0.13090815200472866,1.5466170529710754,
50,29,True,0.911223907559111,0.08877609244088902,0.42136941616801993,0.8876411552846746,
50,30,True,0.9575669859996472,0.04243301400035282,0.2913177440539892,1.2082455019220073,
50,31,True,0.956646985920349,0.043353014079650976,0.2944588734599487,1.749031025733024,
50,32,True,0.9142615266708215,0.0857384733291785,0.41409775012472233,1.2108098624902814,
50,33,True,0.9782707891387109,0.021729210861289094,0.2084668360257285,0.8238005778021096,
50,34,True,0.9383283082167678,0.061671691783232174,0.351202767025638,1.1022391140347914,
50,35,True,0.9573676900526008,0.042632309947399194,0.29200106146176613,1.5055119326663458,
50,36,True,0.9546884772575307,0.0453115227424693,0.30103661817948063,1.2509325918016752,
50,37,True,0.929067908287191,0.07093209171280901,0.3766486206341635,1.1906392235681107,
50,38,True,0.9231240747901415,0.07687592520985853,0.39211203809589584,1.2361046342495605,
50,39,True,0.9041949308545179,0.09580506914548215,0.43773295317003974,1.0738162391298396,
50,40,True,0.9583911423034549,0.0416088576965451,0.2884748089402088,1.171747509595619,
50,41,True,0.9300882438818141,0.0699117561181859,0.3739298226089646,1.0419059910056854,
50,42,True,0.9619732071054157,0.03802679289458433,0.275778145960061,0.8366558570050177,
50,43,True,0.945423656279554,0.05457634372044595,0.33038263792289757,0.8466006135826974,
50,44,True,0.9308138835243883,0.06918611647561168,0.37198418373799635,1.0661881062983487,
50,45,True,0.931942759808291,0.068057240191709,0.36893695990428754,1.2788072044213352,
50,46,True,0.9527106002031497,0.04728939979685032,0.30753666382026806,1.2483202335929808,
50,47,True,0.9410016636363234,0.05899833636367657,0.34350643767963523,1.156779656054202,
50,48,True,0.9660265682980496,0.03397343170195044,0.2606661915245257,1.4496614628267288,
50,49,True,0.9659012020289452,0.03409879797105475,0.2611466942967295,0.9801547973711681,
50,50,True,0.9141093503383555,0.0858906496616445,0.4144650761201589,1.1344672554579718,
50,51,True,0.9569682689133326,0.04303173108666736,0.29336574812567123,1.0501818485766996,
50,52,True,0.8766229408873688,0.1233770591126312,0.49674351352107476,1.2081567378055595,
50,53,True,0.9783482982751511,0.02165170172484887,0.20809469827388122,1.0145714412309417,
50,54,True,0.9897641660141816,0.010235833985818399,0.1430792366894545,1.1994806072982396,
50,55,True,0.9691878803234627,0.030812119676537297,0.2482422996853574,1.1765811909976909,
50,56,True,0.9966653058681515,0.0033346941318485035,0.08166632270218421,0.9746049926199232,
50,57,True,0.9346608775363205,0.06533912246367946,0.36149446043799766,1.4573133168130326,
50,58,True,0.9836222152024109,0.016377784797589112,0.18098499826001652,1.4572495422460952,
50,59,True,0.8974179331801073,0.10258206681989268,0.452950475924008,1.3170356762659585,
50,60,True,0.9091293357185004,0.09087066428149959,0.4263113047562772,0.8808818108242239,
50,61,True,0.9331926781142584,0.06680732188574157,0.3655333688891931,1.1032385150316102,
50,62,True,0.9851269661841365,0.014873033815863468,0.17247048336375417,1.3713353568323225,
50,63,True,0.759681135507109,0.24031886449289097,0.6932804115116639,0.5365760699726567,
50,64,True,0.8443882224252061,0.15561177757479394,0.5578741391654464,0.9767886641673516,
50,65,True,0.9124638414639606,0.08753615853603935,0.41841643977272047,1.1601271753208524,
50,66,True,0.9541370979822629,0.04586290201773713,0.30286268181384535,1.1450833059739791,
50,67,True,0.9039171134158008,0.09608288658419917,0.43836716707390233,1.2382152924650374,
50,68,True,0.9148144784523721,0.08518552154762793,0.4127602731553218,1.4236078605402758,
50,69,True,0.9828589748400519,0.017141025159948087,0.18515412585167018,1.3277621370529358,
50,70,True,0.7711074772860173,0.22889252271398275,0.6765981417562167,1.4218886623737208,
50,71,True,0.8439038276548769,0.15609617234512307,0.5587417513397813,0.9915778092924841,
50,72,True,0.9503399838729867,0.04966001612701332,0.3151508087472199,0.9674228554060603,
50,73,True,0.9196426424817843,0.08035735751821571,0.4008923983270717,0.806914002698298,
50,74,True,0.9501818845512233,0.04981811544877668,0.31565207253802885,1.069545544490914,
50,75,True,0.9091654547380152,0.09083454526198476,0.4262265718182876,1.1484674524793355,
50,76,True,0.905721365318662,0.09427863468133801,0.43423181523545246,1.2082764016725351,
50,77,True,0.96262357002911,0.03737642997088997,0.27340969247958186,1.376809281879885,
50,78,True,0.8411886494143599,0.1588113505856401,0.5635802526448923,1.1946586081319648,
50,79,True,0.9201132454496852,0.0798867545503148,0.39971678611315486,1.185652059482374,
50,80,True,0.9400138778496457,0.05998612215035426,0.34637009729580953,1.4178851180025294,
50,81,True,0.7720474581766823,0.2279525418233177,0.6752074374935715,0.9175289471464517,
50,82,True,0.9272684565837814,0.07273154341621857,0.38139623337473766,1.101579594809313,
50,83,True,0.9542187751992334,0.04578122480076663,0.302592877645085,0.995316000459167,
50,84,True,0.9694327082846643,0.030567291715335676,0.24725408678254632,1.3549972450077348,
50,85,True,0.9394222481656711,0.0605777518343289,0.3480739916578915,0.8430936209730913,
50,86,True,0.9583494624728941,0.0416505375271059,0.28861925620826423,1.35664013144,
50,87,True,0.9282342399568495,0.0717657600431505,0.3788555398648688,1.1274219008355935,
50,88,True,0.9378619937747869,0.06213800622521315,0.3525280307300771,1.2208946320443077,
50,89,True,0.6986882934998521,0.30131170650014794,0.7762882280443881,0.9157781002009717,
50,90,True,0.9583555262350433,0.041644473764956724,0.28859824588849053,1.4758406329951537,
50,91,True,0.9427198140110453,0.05728018598895468,0.33846768232419117,0.8901413569376435,
50,92,True,0.8551742177153808,0.14482578228461918,0.5381928693035967,1.6936634135301623,
50,93,True,0.932850722294325,0.06714927770567503,0.36646767307819955,1.2042747902827924,
50,94,True,0.9508492011491272,0.04915079885087281,0.3135308560600468,1.0700203188826496,
50,95,True,0.9238237676673123,0.07617623233268767,0.39032353844647294,1.5915868024002797,
50,96,True,0.9172728983932218,0.08272710160677821,0.40676062151289444,1.5490390284047255,
50,97,True,0.9368605064977218,0.06313949350227821,0.35535754811816855,1.3620399730562958,
50,98,True,0.9094574309197314,0.09054256908026859,0.42554099468856965,1.7631356481180231,
50,99,True,0.9721663914364487,0.027833608563551326,0.23593901145656837,1.4427435961758652,
50,100,True,0.8959512326791406,0.10404876732085944,0.4561770869319487,1.1825615692570834,
50,101,True,0.9200309601341627,0.07996903986583725,0.3999225921746287,1.0178414795465074,
50,102,True,0.9183448977026075,0.08165510229739248,0.40411657302662685,1.1771502233990552,
50,103,True,0.923535271243162,0.07646472875683796,0.39106196122056686,0.8212422530576344,
50,104,True,0.8718964530325884,0.12810354696741155,0.5061690369183236,1.214876032876468,
50,105,True,0.9716213714061117,0.02837862859388829,0.23823781645191514,0.8604280105335614,
50,106,True,0.9298165103527427,0.07018348964725729,0.3746558144410875,1.0406393801322131,
50,107,True,0.9246541135606248,0.07534588643937523,0.38819038225946656,1.1130282212683473,
50,108,True,0.9689405894260044,0.03105941057399564,0.24923647635928214,1.1544900993077714,
50,109,True,0.9007602945459269,0.09923970545407312,0.4455102814842167,1.044303298166422,
50,110,True,0.9519291016388152,0.04807089836118483,0.31006740673984057,0.8482045367359893,
50,111,True,0.92509289789447,0.07490710210552998,0.3870583989672102,1.3959387749587837,
50,112,True,0.9884710492640232,0.011528950735976817,0.151848284389233,1.2450425235759484,
50,113,True,0.9567204691915858,0.04327953080841418,0.2942092140243549,1.190175267511275,
50,114,True,0.9818413266598062,0.01815867334019383,0.19057110662529045,1.4494309824749683,
50,115,True,0.9726478402910163,0.027352159708983748,0.23388954533704026,1.0999725729392316,
50,116,True,0.928486307147122,0.07151369285287801,0.37818961607341345,1.015594896890073,
50,117,True,0.9667081461684679,0.0332918538315321,0.2580381903189228,1.479870653767821,
50,118,True,0.9834289600858013,0.016571039914198726,0.18204966308235013,0.9416358040279139,
50,119,True,0.9496224301092981,0.05037756989070186,0.3174195012619799,1.267647696090646,
50,120,True,0.8903191104096807,0.1096808895903193,0.4683607361645921,0.8148098669735266,
50,121,True,0.9354971518530306,0.06450284814696938,0.3591736297307181,1.0542267054846242,
50,122,True,0.9026070986465276,0.09739290135347245,0.4413454460022724,1.5188355559117046,
50,123,True,0.9650496953803657,0.03495030461963433,0.2643872335028085,1.293176400935994,
50,124,True,0.8997437154401648,0.10025628455983515,0.44778629849479556,0.9633098900038992,
50,125,True,0.9524932095810507,0.04750679041894934,0.30824273038937794,0.8642338631377959,
50,126,True,0.9258481275833977,0.07415187241660226,0.3851022524384972,1.049310775560849,
50,127,True,0.9370777239451709,0.06292227605482914,0.35474575700021865,0.9871585532751741,
50,128,True,0.949361240267684,0.05063875973231602,0.3182412912628284,0.9372511174070649,
50,129,True,0.9801647512284851,0.01983524877151488,0.19917454039869098,1.2297841766991366,
50,130,True,0.9738819667120355,0.02611803328796447,0.228552109104093,0.7159625046203105,
50,131,True,0.937786078293259,0.062213921706741004,0.3527433109408063,1.1584500764161911,
50,132,True,0.9405453357126399,0.059454664287360126,0.34483231950430604,1.056809741409278,
50,133,True,0.8644743887401862,0.13552561125981377,0.5206257989378048,1.0997392879642716,
50,134,True,0.9829717110159012,0.017028288984098805,0.1845442439313614,1.320491058491095,
50,135,True,0.9864142269061098,0.013585773093890197,0.16483793916383616,1.274885009277411,
50,136,True,0.9845593370218082,0.0154406629781918,0.1757308338237303,1.510912435415938,
50,137,True,0.9100491504604575,0.08995084953954247,0.4241482041445949,0.6576374864740313,
50,138,True,0.8872212920691245,0.11277870793087552,0.4749288534736033,1.1063443232635441,
50,139,True,0.9931762359159003,0.006823764084099682,0.11682263551298427,1.3900175165006223,
50,140,True,0.9579439034660737,0.04205609653392628,0.2900210217688579,1.0253334730648769,
50,141,True,0.8693371496513344,0.13066285034866565,0.5112002549855891,1.08600212884262,
50,142,True,0.9616089728767616,0.038391027123238386,0.2770957492392779,1.5517527869309786,
50,143,True,0.9767914715115411,0.02320852848845889,0.2154461811611377,0.934239503223245,
50,144,True,0.9392400898578579,0.060759910142142104,0.3485969309737019,0.9279744618127369,
50,145,True,0.9832404360557754,0.01675956394422462,0.18308229812969182,0.7541634356150986,
50,146,True,0.660782352391825,0.33921764760817497,0.8236718370906887,0.8748815926106092,
50,147,True,0.883609469088723,0.11639053091127705,0.48247389755566494,1.238744805453566,
50,148,True,0.9443843127994922,0.0556156872005078,0.33351367948109106,1.0841860545521464,
50,149,True,0.9664562338533285,0.03354376614667154,0.259012610297922,1.3288431852942906,
50,150,True,0.9409611657434173,0.05903883425658274,0.34362431304138774,1.3193576301079606,
50,151,True,0.9841319251376033,0.01586807486239672,0.1781464277632127,1.1984562772374392,
50,152,True,0.9619817412145101,0.03801825878548992,0.27574719866388525,1.427277351235953,
50,153,True,0.9808235962839795,0.019176403716020474,0.1958387281209737,1.225364813497659,
50,154,True,0.8948140520138421,0.10518594798615788,0.45866316177813476,1.0416726854296952,
50,155,True,0.9541588749473444,0.045841125052655585,0.3027907695180142,1.528213628602954,
50,156,True,0.9295698690196543,0.07043013098034567,0.37531355152817397,1.3192800815547636,
50,157,True,0.9786296741423619,0.021370325857638095,0.20673812351686863,1.0059012266211513,
50,158,True,0.9372118317551604,0.06278816824483957,0.3543675161321637,1.1703666043487038,
50,159,True,0.9848618466260372,0.015138153373962848,0.17400088145732337,1.5347076829952677,
50,160,True,0.907798490993645,0.09220150900635504,0.4294217251289342,1.3991392055271146,
50,161,True,0.9090574773559923,0.0909425226440077,0.42647982987242866,1.012688700170912,
50,162,True,0.9634802574122789,0.03651974258772106,0.2702581824393894,1.2234776826321425,
50,163,True,0.94495941771041,0.05504058228958997,0.3317848166796969,1.336929208546935,
50,164,True,0.9810118731949319,0.018988126805068117,0.19487496917289412,1.1998361431227265,
50,165,True,0.907187452927656,0.09281254707234399,0.4308423077469154,1.0550174592149872,
50,166,True,0.9825108727363712,0.017489127263628834,0.18702474308833508,1.0739533109465353,
50,167,True,0.9559287640790619,0.04407123592093809,0.2968879786078854,0.7439151651714345,
50,168,True,0.9871103864096338,0.012889613590366222,0.16055910805909623,1.1633390753323514,
50,169,True,0.9675391682976442,0.03246083170235581,0.25479729866054535,1.2085873282256554,
50,170,True,0.8432762326909089,0.1567237673090911,0.5598638536449573,0.644644513511302,
50,171,True,0.9788028679988282,0.021197132001171792,0.2058986741150695,1.1226031444389877,
50,172,True,0.9530641350954012,0.04693586490459878,0.306384937307952,1.0713610894924421,
50,173,True,0.9300148925069602,0.06998510749303977,0.37412593466115024,1.2832711587046046,
50,174,True,0.9057804873150335,0.09421951268496653,0.43409564080964136,1.806755944574911,
50,175,True,0.9659976802630418,0.03400231973695822,0.26077699184152814,0.9528069998568497,
50,176,True,0.9691963638607636,0.030803636139236423,0.24820812290993424,0.9777582126258834,
50,177,True,0.9666169934420007,0.033383006557999306,0.2583912017000552,1.1858887025235159,
50,178,True,0.9208549387195643,0.07914506128043575,0.3978569121692771,1.3375206091975245,
50,179,True,0.9382372449015909,0.06176275509840912,0.35146196123736895,1.0627067919900703,
50,180,True,0.9792555006678646,0.020744499332135402,0.2036884843683388,1.5212679060780259,
50,181,True,0.924397093921745,0.07560290607825504,0.3888519154594849,1.4124838220022928,
50,182,True,0.9250953643950712,0.07490463560492877,0.3870520264897957,1.089534575653757,
50,183,True,0.9952671111327771,0.004732888867222895,0.09729222854085591,1.1031534671157903,
50,184,True,0.9712450881170311,0.02875491188296886,0.2398120592587824,1.329040667891496,
50,185,True,0.8494680846755857,0.15053191532441434,0.548692838160686,1.324272872068229,
50,186,True,0.9028059657553795,0.09719403424462048,0.44089462288537973,0.8560650454518696,
50,187,True,0.925300138871073,0.07469986112892701,0.386522602518733,1.331574026902253,
50,188,True,0.8886272809418845,0.11137271905811552,0.4719591487790348,0.8232467291838251,
50,189,True,0.985345647014879,0.014654352985120966,0.17119785620807845,0.956790276390543,
50,190,True,0.9313407918423565,0.06865920815764348,0.37056499607395027,1.515852922791195,
50,191,True,0.959993127565737,0.04000687243426304,0.28286700915540863,1.0813629950514165,
50,192,True,0.8491735335151279,0.15082646648487208,0.5492293992219863,1.3881490376799455,
50,193,True,0.9054144801394683,0.09458551986053165,0.43493797226853315,0.8276942716955653,
50,194,True,0.9110746756141794,0.08892532438582057,0.42172342687078834,0.8076354746053583,
50,195,True,0.9377710675832588,0.06222893241674121,0.3527858625759856,1.2631028951166234,
50,196,True,0.8612886319861983,0.13871136801380168,0.5267093468200499,1.5567548871516337,
50,197,True,0.9796950004974758,0.02030499950252418,0.20151922738301764,1.1267763399534692,
50,198,True,0.909794730760512,0.09020526923948802,0.4247476173905816,1.156697752705894,
50,199,True,0.8535255928267362,0.14647440717326377,0.5412474612841406,1.364628908089874,
100,0,True,0.9736947126336715,0.026305287366328534,0.22936995167775817,0.8166668355665704,
100,1,True,0.9603430599291614,0.03965694007083864,0.2816272006424048,1.1335977645179163,
100,2,True,0.9845135261169851,0.01548647388301494,0.17599132866715364,1.0275807398874115,
100,3,True,0.9795805356874427,0.020419464312557256,0.2020864384987636,1.1847967535295971,
100,4,True,0.9162734436530414,0.08372655634695858,0.4092103526230944,1.0202226506224474,
100,5,True,0.940351242240264,0.05964875775973599,0.34539472422066925,1.0581334868481318,
100,6,True,0.9735693607121794,0.026430639287820634,0.2299158075810377,1.1300303912649012,
100,7,True,0.9610461204428029,0.03895387955719709,0.27911961434910626,0.9297459065759719,
100,8,True,0.9785629006700732,0.021437099329926768,0.20706085738220437,1.027660971755098,
100,9,True,0.9938060718089321,0.006193928191067899,0.11130074744643659,1.1948364553381274,
100,10,True,0.9541032935165091,0.04589670648349087,0.30297427773159513,1.0627943983604682,
100,11,True,0.9906647500690078,0.009335249930992218,0.13664003755116738,1.0509432131276246,
100,12,True,0.9444339859521771,0.05556601404782291,0.33336470733364365,1.0288987263030023,
100,13,True,0.9660747958549587,0.0339252041450413,0.2604811092768202,0.8800295015202618,
100,14,True,0.9611565131043232,0.03884348689567685,0.2787238306843418,1.248199431938558,
100,15,True,0.9765977578205207,0.023402242179479282,0.2163434407578806,1.0692473525543864,
100,16,True,0.9826266643608585,0.017373335639141452,0.18640459028222137,1.0823908607388295,
100,17,True,0.9515990769419671,0.048400923058032896,0.3111299505288197,0.9132773770286716,
100,18,True,0.9789247899975088,0.02107521000249124,0.20530567455621598,1.2570488880115853,
100,19,True,0.9671241521409801,0.03287584785901987,0.2564209346329576,1.098089600737723,
100,20,True,0.9761942319601697,0.023805768039830255,0.21820067845829524,1.0167070443757749,
100,21,True,0.9833727366461862,0.016627263353813815,0.18235823729030548,1.0235508703255698,
100,22,True,0.9916346353105037,0.008365364689496335,0.12934732072599206,1.3707186307342754,
100,23,True,0.9594471599436059,0.040552840056394146,0.2847905899301945,1.421139747340437,
100,24,True,0.9279215149914231,0.07207848500857694,0.37968008904491407,0.7900082063399178,
100,25,True,0.9424848064981954,0.05751519350180456,0.3391612993895519,0.9818208517565892,
100,26,True,0.9818303110495402,0.018169688950459784,0.19062890101167632,1.0829348194954347,
100,27,True,0.8457960057197672,0.1542039942802328,0.5553449275544574,1.1015268975448596,
100,28,True,0.9471371740191048,0.0528628259808952,0.3251548122999114,0.8906078137176052,
100,29,True,0.9428328272813424,0.057167172718657566,0.338133620684657,1.0511647766734817,
100,30,True,0.9647220376398622,0.035277962360137805,0.2656236524112182,0.9512857621243248,
100,31,True,0.9746472053072395,0.025352794692760527,0.22517901630818296,1.1870247526124829,
100,32,True,0.9723337853950368,0.027666214604963213,0.235228461734388,0.9813113110004447,
100,33,True,0.9833461296579322,0.016653870342067778,0.18250408402042875,0.8825709640507462,
100,34,True,0.971603695212205,0.02839630478779498,0.2383120004858961,1.1085723878830511,
100,35,True,0.9478620988703572,0.05213790112964278,0.32291764005592066,1.0630518832954698,
100,36,True,0.9519440515808859,0.04805594841911409,0.3100191878549271,1.052411475071826,
100,37,True,0.9619033270276579,0.038096672972342094,0.27603142202416714,1.1240675007718413,
100,38,True,0.9815877488192926,0.01841225118070744,0.1918971139997027,0.9125149473977944,
100,39,True,0.9634487420779279,0.036551257922072145,0.2703747692447361,1.0611825931932624,
100,40,True,0.987555872667368,0.012444127332632005,0.15776011747353647,1.0529360631854292,
100,41,True,0.9567629786390899,0.04323702136091012,0.2940646913891915,0.9424759736430836,
100,42,True,0.9566133584977922,0.043386641502207834,0.29457305206759143,0.9428672181252238,
100,43,True,0.9927709753313304,0.0072290246686695925,0.1202416289699172,1.0266779136824555,
100,44,True,0.9008046079484914,0.09919539205150862,0.44541080375650666,1.0216052569314273,
100,45,True,0.9811910892886154,0.018808910711384574,0.19395314233795985,1.0925136656063983,
100,46,True,0.9620541359352204,0.03794586406477962,0.2754845333763025,1.2745302197510813,
100,47,True,0.95359015108203,0.046409848917969954,0.30466325317625675,1.3573169187335343,
100,48,True,0.921663359470478,0.07833664052952205,0.3958197582979458,1.3689694906013907,
100,49,True,0.981009570844257,0.018990429155743005,0.19488678331658668,1.1529091881476632,
100,50,True,0.9313499157339354,0.06865008426606456,0.37054037368703674,0.8611409780461601,
100,51,True,0.9614288075794255,0.038571192420574496,0.2777451796902138,0.9981244785628458,
100,52,True,0.9919859363637406,0.00801406363625945,0.12660224039296922,1.048486236912574,
100,53,True,0.9447432644035331,0.05525673559646693,0.3324356647427193,1.2256980913437512,
100,54,True,0.9374962955604733,0.06250370443952669,0.35356386817526075,0.9740690148472009,
100,55,True,0.98378775416453,0.016212245835469985,0.18006801956744042,1.4034206163703193,
100,56,True,0.9690460932722421,0.030953906727757885,0.24881280806163544,0.8412774569794236,
100,57,True,0.9506944263740981,0.04930557362590193,0.3140241189014056,0.8131029348161475,
100,58,True,0.9675500848914402,0.03244991510855977,0.25475445082887116,1.2509281574604603,
100,59,True,0.9876904177678091,0.012309582232190919,0.1569049536005222,1.0045753837032552,
100,60,True,0.9911348948320643,0.008865105167935705,0.13315483594624405,1.1906199185725248,
100,61,True,0.9652481773831264,0.034751822616873596,0.2636354400184982,0.9883575613806721,
100,62,True,0.9772818703073859,0.02271812969261411,0.21315782740783507,0.9969378644561727,
100,63,True,0.9259320086006733,0.07406799139932674,0.3848843758827496,1.2001172710460197,
100,64,True,0.9721903114974635,0.02780968850253651,0.23583760727473707,1.0690096572623093,
100,65,True,0.9851587012395822,0.014841298760417843,0.17228638228494936,1.2960522787945201,
100,66,True,0.922034301048771,0.07796569895122896,0.3948814985567926,1.210655480737197,
100,67,True,0.9577395282156925,0.042260471784307474,0.29072485887624927,1.0339352765195056,
100,68,True,0.9836376584682301,0.016362341531769853,0.18089964915261716,0.9974860544320933,
100,69,True,0.9688039161152285,0.031196083884771464,0.2497842424364343,1.0597292602916466,
100,70,True,0.9518187523435225,0.048181247656477466,0.310423090817927,0.9764871068995453,
100,71,True,0.9743065482660251,0.02569345173397486,0.2266867959717769,1.091549413067134,
100,72,True,0.8984608792694495,0.10153912073055049,0.45064203250595813,1.0638366955825527,
100,73,True,0.9772332454465902,0.022766754553409818,0.2133858221785591,1.2233349802088422,
100,74,True,0.9389071111337448,0.06109288886625519,0.34955082281767025,1.0261859571693692,
100,75,True,0.9687276873561138,0.03127231264388619,0.2500892346498999,1.04603748851122,
100,76,True,0.9902214943330825,0.009778505666917514,0.13984638477213127,0.9018607355270786,
100,77,True,0.9956064413080016,0.004393558691998423,0.09373962547395052,0.8903083734132848,
100,78,True,0.9869273698586329,0.013072630141367059,0.1616949605978315,1.0846461642087508,
100,79,True,0.9772601084368353,0.022739891563164694,0.21325989572896545,0.9608995812654934,
100,80,True,0.9382572218394385,0.06174277816056151,0.3514051170958141,1.1254063800619114,
100,81,True,0.9100303473069709,0.08996965269302915,0.42419253339263086,0.805553703874817,
100,82,True,0.9807459191551123,0.019254080844887667,0.19623496551271238,0.9622529367645213,
100,83,True,0.9627539629791693,0.037246037020830736,0.2729323616606538,1.130648795675163,
100,84,True,0.8979538262860681,0.10204617371393188,0.45176581037951924,1.0362777424656033,
100,85,True,0.9224068384057175,0.07759316159428253,0.39393695331685363,1.2861019214882656,
100,86,True,0.9301721645661349,0.06982783543386506,0.373705326250149,0.9889975401319732,
100,87,True,0.9766110066808015,0.023388993319198526,0.21628219214349828,1.1632771795208132,
100,88,True,0.9616208029341337,0.038379197065866344,0.27705305291899074,1.0203532309640175,
100,89,True,0.9765207190171017,0.02347928098289831,0.216699243113115,1.0163249631899698,
100,90,True,0.9511668820540319,0.04883311794596812,0.3125159770186742,1.129543537572773,
100,91,True,0.9760961903610355,0.023903809638964546,0.2186495352794721,1.2235615390491676,
100,92,True,0.9330885273591866,0.06691147264081343,0.36581818610018124,0.9485431881442432,
100,93,True,0.9938990089249721,0.006100991075027928,0.11046258257915115,1.1783855101737386,
100,94,True,0.9749725477719404,0.025027452228059577,0.22372953416149444,0.9009167383230032,
100,95,True,0.9774978117346544,0.022502188265345557,0.21214234968692824,0.8235474595511737,
100,96,True,0.9712736376478049,0.028726362352195056,0.23969298008992673,1.2732297323487944,
100,97,True,0.9675623004748927,0.03243769952510733,0.25470649589324335,0.9928876906366384,
100,98,True,0.9656110027435506,0.034388997256449394,0.2622555900508104,0.9843195672786156,
100,99,True,0.950132210962632,0.04986778903736799,0.31580940149833453,1.075314650717443,
100,100,True,0.954531510255389,0.04546848974461104,0.3015575890094992,1.2661648499550509,
100,101,True,0.979913416394149,0.020086583605851027,0.20043245049567646,1.2610782635885724,
100,102,True,0.9302301946619249,0.06976980533807509,0.37355001094385004,1.5050740939665734,
100,103,True,0.9860754868500485,0.013924513149951467,0.1668802753470386,1.2687232967224313,
100,104,True,0.978804893123424,0.021195106876575998,0.20588883834038274,1.1854866112090225,
100,105,True,0.980342016852152,0.019657983147847946,0.19828254158068437,1.0156388900856186,
100,106,True,0.9329976008003728,0.06700239919962725,0.3660666584097144,0.9620336052943167,
100,107,True,0.9655008541336217,0.034499145866378256,0.2626752590800218,1.1659008257461314,
100,108,True,0.9761178182370156,0.0238821817629844,0.2185505971759606,0.9609963749550232,
100,109,True,0.9604717997538794,0.03952820024612058,0.2811697005230845,1.5393232992638701,
100,110,True,0.9605748139724758,0.039425186027524206,0.2808030841266673,1.023066450061493,
100,111,True,0.9744226241452808,0.025577375854719198,0.2261741623383145,0.9080138052479584,
100,112,True,0.9525939876982331,0.04740601230176689,0.30791561279599655,1.1302144537535292,
100,113,True,0.9364092917580253,0.06359070824197466,0.35662503625509717,1.1596344274310746,
100,114,True,0.9907535434437544,0.009246456556245564,0.1359886506753094,1.498489405169431,
100,115,True,0.9652163586050014,0.034783641394998566,0.2637561047445098,1.0496138396682235,
100,116,True,0.9313755296792587,0.06862447032074126,0.37047124131500714,1.0173703143450594,
100,117,True,0.9709969279836096,0.029003072016390408,0.2408446470918138,1.020319122852834,
100,118,True,0.9702300117683411,0.029769988231658884,0.2440081483543487,1.0950311809930922,
100,119,True,0.8260372489305486,0.17396275106945136,0.5898521019195426,0.9095591304566573,
100,120,True,0.9496562879184839,0.05034371208151611,0.3173128175208682,0.9715202865048187,
100,121,True,0.9582838544697596,0.04171614553024039,0.2888464835522164,1.038864671606855,
100,122,True,0.9667768386880674,0.03322316131193259,0.25777184218580806,1.2173714360438193,
100,123,True,0.9643236542703376,0.035676345729662384,0.2671192457673635,0.8946176303408754,
100,124,True,0.967191160200819,0.03280883979918103,0.25615948078953044,0.9299923612156468,
100,125,True,0.9797999281414235,0.02020007185857653,0.2009978699318802,0.9186159159151148,
100,126,True,0.9707768421887781,0.029223157811221867,0.2417567281844367,1.2030455803691067,
100,127,True,0.9756145651732867,0.024385434826713293,0.2208412770598526,0.8808752954888658,
100,128,True,0.9618217301422527,0.038178269857747305,0.2763268711426642,1.5279843395193355,
100,129,True,0.978379646244171,0.021620353755829047,0.2079440009032674,1.2948257702003314,
100,130,True,0.9764603168180473,0.023539683181952653,0.2169778015463917,0.9880897260952076,
100,131,True,0.9718383435099076,0.02816165649009239,0.2373253315181185,1.047525029736228,
100,132,True,0.9449284887455527,0.055071511254447314,0.331878023540118,1.7660001184487581,
100,133,True,0.9534503194162817,0.046549680583718334,0.3051218792014701,1.198154127115558,
100,134,True,0.9557977682292793,0.04420223177072069,0.2973288811088512,1.0105514913124107,
100,135,True,0.8402537108089153,0.1597462891910847,0.5652367454281164,1.0320303921348686,
100,136,True,0.992445255982627,0.007554744017372994,0.12292065747768356,1.1020318428266305,
100,137,True,0.9799049867497472,0.020095013250252758,0.20047450336764883,1.4065864251937716,
100,138,True,0.9627518562284234,0.03724814377157659,0.27294008049964563,0.9626025711145927,
100,139,True,0.9840834685968395,0.015916531403160517,0.178418224423182,1.1608771918431422,
100,140,True,0.939475558029219,0.060524441970780996,0.34792080124873515,1.1827998853825032,
100,141,True,0.9104885512713424,0.08951144872865757,0.4231109753449029,0.9460089245886726,
100,142,True,0.9919734628356232,0.008026537164376846,0.126700727419987,0.9391580326253985,
100,143,True,0.9812545501266096,0.01874544987339044,0.19362566913191298,1.3931653064069331,
100,144,True,0.9513383426612897,0.04866165733871031,0.3119668486833503,1.2104578141549258,
100,145,True,0.9830204068237272,0.016979593176272845,0.18428018437299606,1.092464380262681,
100,146,True,0.9922959200333309,0.0077040799666691084,0.12412960941426741,0.9271652631217839,
100,147,True,0.962579281504573,0.03742071849542705,0.273571630456914,0.9525586506751189,
100,148,True,0.9803874172820805,0.019612582717919547,0.1980534408583684,1.1145768861205745,
100,149,True,0.9679400745012332,0.032059925498766795,0.253218978351808,0.9554266288954235,
100,150,True,0.9651515899384366,0.03484841006156336,0.2640015532589277,1.2169158616500975,
100,151,True,0.9434574401333601,0.05654255986663992,0.3362813104132905,1.1133186806196884,
100,152,True,0.9655679934088522,0.03443200659114776,0.2624195365865419,1.1162746646359585,
100,153,True,0.9640152300414293,0.035984769958570695,0.26827139228240765,0.889745419182023,
100,154,True,0.9680333414346165,0.0319666585653835,0.252850384873677,1.0667736617457741,
100,155,True,0.9449607249400527,0.055039275059947323,0.3317808766639434,1.14778970251935,
100,156,True,0.9671241584960735,0.03287584150392653,0.2564209098491247,0.9990894309878097,
100,157,True,0.9298457371235781,0.0701542628764219,0.3745777966629151,0.9710176813655952,
100,158,True,0.9799973223932897,0.020002677606710262,0.20001338758548293,1.0815388140544528,
100,159,True,0.9547535737392425,0.04524642626075748,0.30082029938405924,0.900144164238987,
100,160,True,0.9350121785160995,0.06498782148390048,0.3605213488377649,1.026870341698027,
100,161,True,0.9507945867654913,0.049205413234508666,0.31370499911384436,1.0591808560452405,
100,162,True,0.9782775210231562,0.021722478976843762,0.20843454117225327,1.1493756288422399,
100,163,True,0.9594919048330599,0.040508095166940095,0.2846334315112683,1.2909622508052243,
100,164,True,0.9799548954119777,0.020045104588022333,0.2002253959317964,1.2972254255317803,
100,165,True,0.9682071711185579,0.03179282888144208,0.25216196732037965,0.9080169595385366,
100,166,True,0.9816505557155231,0.018349444284476935,0.19156953977330038,0.9861894257943586,
100,167,True,0.9719011545395916,0.028098845460408417,0.23706052164124075,1.029484476360644,
100,168,True,0.9723147536854463,0.027685246314553713,0.23530935516699628,1.2001127948788428,
100,169,True,0.967146907334507,0.03285309266549297,0.25633217771279887,1.1003338199277681,
100,170,True,0.9502333780051726,0.0497666219948274,0.31548889677713626,0.7772882046403773,
100,171,True,0.9821672363535106,0.017832763646489447,0.1888531897876729,0.8345840569417791,
100,172,True,0.9764499738215686,0.023550026178431382,0.21702546476591833,0.9665842938940488,
100,173,True,0.9258151410474716,0.07418485895252835,0.3851878994790163,0.7496850496453187,
100,174,True,0.9051360129433833,0.0948639870566167,0.4355777474954768,0.7847254990198032,
100,175,True,0.9683572808685411,0.031642719131458885,0.25156597198929365,1.0188782768185987,
100,176,True,0.9360323470178684,0.06396765298213158,0.3576804523094084,1.2726359664282396,
100,177,True,0.9340998621677841,0.06590013783221593,0.3630430768716458,0.9954758472816955,
100,178,True,0.9535391424736623,0.04646085752633766,0.3048306333895515,1.181806531500397,
100,179,True,0.946041926360332,0.05395807363966798,0.32850593187846067,0.9056371756779238,
100,180,True,0.9740498697980995,0.025950130201900512,0.2278162865200838,1.1565115215295911,
100,181,True,0.9588958650003935,0.04110413499960652,0.2867198458412201,0.9985287657907793,
100,182,True,0.9134739157446442,0.0865260842553558,0.41599539481911546,0.8512190771377579,
100,183,True,0.9966704457741304,0.0033295542258695576,0.08160336054194807,0.929961320800803,
100,184,True,0.9895026983869524,0.010497301613047627,0.1448951456263989,1.1847852898185298,
100,185,True,0.9840578850561534,0.015942114943846564,0.17856155769844012,1.0412086301453491,
100,186,True,0.9197218410432237,0.08027815895677626,0.4006947939686173,1.1044487398575293,
100,187,True,0.9782185585485705,0.021781441451429462,0.20871723192601757,1.1577047007501233,
100,188,True,0.9920121404293741,0.007987859570625866,0.1263950914444553,0.9921827556588263,
100,189,True,0.926517883059596,0.07348211694040396,0.3833591447726373,0.934637969953109,
100,190,True,0.9337930971507318,0.06620690284926822,0.36388707822418814,1.2735165194087088,
100,191,True,0.9325778019403392,0.06742219805966077,0.36721165030445513,1.0871297451379904,
100,192,True,0.9391917771351354,0.06080822286486465,0.3487354953682359,1.1342237639343007,
100,193,True,0.9478858049244541,0.05211419507554593,0.3228442196340086,1.2075633797966059,
100,194,True,0.9810426625622228,0.018957337437777166,0.19471690957786575,0.882783721809412,
100,195,True,0.9780272949802729,0.021972705019727146,0.20963160553564952,1.0160858002141477,
100,196,True,0.9700747023181447,0.029925297681855256,0.24464381325451592,0.8524580094138581,
100,197,True,0.9155482293161076,0.08445177068389242,0.4109787602392433,1.07760111408014,
100,198,True,0.97326002764034,0.02673997235965997,0.23125731279101283,1.2608162683956485,
100,199,True,0.9533218002333338,0.046678199766666206,0.30554279492950315,0.8047993974817081,
500,0,True,0.9954751874057379,0.004524812594262073,0.09512951796642241,1.0323669886144564,
500,1,True,0.9961797521470718,0.003820247852928227,0.087409929103372,0.9248653340578964,
500,2,True,0.9838588675054558,0.016141132494544186,0.1796726606612387,1.0196596897936554,
500,3,True,0.9876177627401925,0.012382237259807471,0.1573673235446771,1.1188991234994408,
500,4,True,0.9895217976241385,0.0104782023758615,0.1447632714182794,0.9598606522688473,
500,5,True,0.9917372134731512,0.008262786526848753,0.12855183022305566,1.015383988398386,
500,6,True,0.9874053127578466,0.012594687242153402,0.15871160790662603,1.0922412271364887,
500,7,True,0.9905962725512157,0.00940372744878426,0.13714027452782893,1.0047160712178889,
500,8,True,0.9964176938170393,0.0035823061829607372,0.08464403325646422,0.9390120219456026,
500,9,True,0.991367584806237,0.00863241519376301,0.13139570155650537,1.0817121204801063,
500,10,True,0.9897737692841461,0.010226230715853935,0.14301210239594497,1.125546801430562,
500,11,True,0.9902875373977692,0.009712462602230798,0.13937333031990493,1.0216331833449892,
500,12,True,0.986883945775821,0.013116054224179052,0.16196329352158134,1.0868525824158695,
500,13,True,0.9993948867392067,0.0006051132607932663,0.034788310128353775,0.9313498514150506,
500,14,True,0.9959349803391805,0.004065019660819513,0.09016673068066292,0.9832724485911694,
500,15,True,0.9972329610992392,0.0027670389007607987,0.07439138257568277,0.9829907381055925,
500,16,True,0.9889858570356707,0.011014142964329343,0.1484192909586171,1.002621508904935,
500,17,True,0.9932476792567654,0.006752320743234619,0.1162094724472554,0.9988558004377115,
500,18,True,0.9994553189185239,0.000544681081476095,0.033005486861317254,1.0523344576692564,
500,19,True,0.9980543273158635,0.001945672684136479,0.06238064898887216,1.0367044511812786,
500,20,True,0.9947564264946464,0.005243573505353649,0.1024067722892757,0.9896357199442842,
500,21,True,0.9979789349515679,0.0020210650484321357,0.06357774844128858,1.0143037480783659,
500,22,True,0.9849345218463917,0.015065478153608258,0.173582707396838,1.1153369743205979,
500,23,True,0.9896803707357175,0.010319629264282537,0.14366369941138565,0.9731754760429129,
500,24,True,0.9973683763819944,0.0026316236180056185,0.07254824075062888,1.1365075987158568,
500,25,True,0.9903475168258686,0.009652483174131365,0.13894231302329263,0.992435747494833,
500,26,True,0.9965917907646993,0.0034082092353007187,0.08256160409416453,0.8862249263794391,
500,27,True,0.994722135005281,0.00527786499471905,0.10274108228667943,1.1333505256474212,
500,28,True,0.9903747045708994,0.009625295429100622,0.1387464985439316,1.1035922639556386,
500,29,True,0.9962930954736164,0.0037069045263835587,0.08610347874950829,1.2015037378081326,
500,30,True,0.9989640164128509,0.0010359835871490697,0.045518866135901684,1.0140846803556032,
500,31,True,0.9972342217886733,0.0027657782113267304,0.07437443393164968,0.9672485879531036,
500,32,True,0.9989744750981858,0.0010255249018141788,0.045288517348533994,1.0337955835379964,
500,33,True,0.9882908981360463,0.011709101863953686,0.15303007458636186,1.1445610866040972,
500,34,True,0.9852275669182101,0.014772433081789882,0.17188620120178286,1.0775694505964772,
500,35,True,0.9950210465216973,0.004978953478302683,0.09978931283762509,0.989925705143644,
500,36,True,0.9926760830256455,0.007323916974354527,0.12102823616292735,0.9477695244542338,
500,37,True,0.9866869646932216,0.013313035306778409,0.16317496932298495,0.9541686451151455,
500,38,True,0.9920985420000477,0.007901457999952344,0.12570964958945965,0.8812476082375527,
500,39,True,0.9942498546380832,0.005750145361916759,0.10723940844593391,0.9458983011122908,
500,40,True,0.9937856696847142,0.006214330315285843,0.11148390301102358,1.0632358627468057,
500,41,True,0.9954449352196219,0.0045550647803781485,0.09544699869957249,0.9559671807233742,
500,42,True,0.9863064517712062,0.013693548228793762,0.16549047240728826,1.0914564649277834,
500,43,True,0.9950026722065058,0.004997327793494155,0.09997327436364548,1.100143144810355,
500,44,True,0.9909978577279291,0.009002142272070857,0.13418004525316624,0.9650122677861926,
500,45,True,0.9927475986705807,0.007252401329419289,0.12043588609230502,1.0971865299017307,
500,46,True,0.9922044454942536,0.007795554505746427,0.1248643624557991,1.0312601399351353,
500,47,True,0.997144628473925,0.002855371526074957,0.0755694584614055,1.0069007508131753,
500,48,True,0.990539606246394,0.009460393753605967,0.13755285350443291,1.0754636971192533,
500,49,True,0.9926823598058044,0.007317640194195563,0.12097636293256298,1.089356851354943,
500,50,True,0.9946859418498513,0.005314058150148737,0.1030927558090166,0.9767942385545517,
500,51,True,0.9866573663464825,0.01334263365351751,0.16335625885479615,1.0363029446379224,
500,52,True,0.9926783360686238,0.007321663931376232,0.1210096188852453,0.941745845378553,
500,53,True,0.9978790406941758,0.0021209593058242326,0.06513001314024285,1.0700411590005325,
500,54,True,0.9919111668961443,0.008088833103855664,0.12719145493196998,0.982076179427097,
500,55,True,0.9977035736036136,0.0022964263963863862,0.06777058943799097,0.9870237317340982,
500,56,True,0.996642062458611,0.0033579375413890222,0.08195044284674866,1.11797887592035,
500,57,True,0.9931635702761823,0.006836429723817705,0.11693100293607195,1.0406272025840921,
500,58,True,0.9969712200598659,0.003028779940134063,0.07783032750970602,1.0868558417987695,
500,59,True,0.9857925318210149,0.014207468178985105,0.1685673051275681,1.029827286029792,
500,60,True,0.9963141689728859,0.0036858310271140615,0.08585838371544241,1.0021411557859317,
500,61,True,0.9859669273659905,0.014033072634009547,0.1675295355094702,1.0455742290555126,
500,62,True,0.9912713394022078,0.008728660597792204,0.1321261563642284,0.9686309883717061,
500,63,True,0.9984162439380915,0.0015837560619085256,0.05628065496969097,1.0350890393264967,
500,64,True,0.9876486816894205,0.012351318310579451,0.15717072444052205,1.005493366571073,
500,65,True,0.9927965994427557,0.007203400557244333,0.12002833463182089,1.0245104730794137,
500,66,True,0.9928493727711891,0.00715062722881088,0.1195878524668035,1.0824071597596445,
500,67,True,0.9854966118847491,0.01450338811525087,0.1703137581949914,1.035654479183133,
500,68,True,0.9975196799457345,0.0024803200542654613,0.07043181176521839,1.0044583010261359,
500,69,True,0.9922182326787222,0.007781767321277777,0.12475389630210318,0.9049725006566636,
500,70,True,0.9944052114676275,0.005594788532372497,0.10578079724007121,0.9724618252565395,
500,71,True,0.9948046790746911,0.005195320925308944,0.10193449784355606,1.0191409696450622,
500,72,True,0.9959488370967436,0.004051162903256356,0.09001292021989492,1.0871384314563561,
500,73,True,0.9912461170561997,0.008753882943800306,0.13231691459371464,0.9743298945205097,
500,74,True,0.9955734814884674,0.00442651851153264,0.09409057882203294,1.0009358859191513,
500,75,True,0.9964859365378888,0.00351406346211125,0.08383392466193162,1.0085573303191115,
500,76,True,0.9948905613985852,0.005109438601414773,0.10108846226365122,1.109638458728228,
500,77,True,0.9768461680842616,0.023153831915738388,0.21519215559930846,1.0343301444863304,
500,78,True,0.9984057459124153,0.0015942540875847344,0.056466876796660743,1.0305472173386796,
500,79,True,0.9936048881905164,0.0063951118094836,0.11309387082847226,1.0252876415985948,
500,80,True,0.9977539027064408,0.0022460972935591794,0.06702383596242828,0.9561217318736289,
500,81,True,0.9915665919886623,0.00843340801133774,0.12987230660412408,1.056191720390801,
500,82,True,0.9931828676883114,0.006817132311688567,0.11676585384168167,1.2071038217240522,
500,83,True,0.9935782516763713,0.00642174832362874,0.11332915179801574,1.159698658484992,
500,84,True,0.9882981287764104,0.011701871223589566,0.15298281749000148,0.9520155933528347,
500,85,True,0.9828061540168692,0.017193845983130784,0.18543918670621373,1.0518025132530069,
500,86,True,0.9932879461887612,0.0067120538112388495,0.11586245130531954,0.8562085472166006,
500,87,True,0.9938698181862001,0.006130181813799873,0.11072652630512658,0.9721597065594285,
500,88,True,0.9901097877563888,0.009890212243611196,0.14064289703793276,0.9109125886192033,
500,89,True,0.9964880520913132,0.0035119479086868077,0.08380868581104181,1.0232957206362903,
500,90,True,0.9943252555245075,0.005674744475492544,0.10653398026444555,1.0943488063397768,
500,91,True,0.9958573971017042,0.004142602898295822,0.09102310583907466,0.9593812893463547,
500,92,True,0.9957515830699982,0.004248416930001775,0.09217827216868404,0.9322549712563242,
500,93,True,0.9929527544032114,0.007047245596788598,0.1187202223447105,1.0794251899880827,
500,94,True,0.9926496884002142,0.00735031159978583,0.12124612653430261,1.017967271704078,
500,95,True,0.9892880344108643,0.010711965589135675,0.1463691606120339,1.107155014643571,
500,96,True,0.9950915680412976,0.004908431958702386,0.09908008840026558,0.9805443168937606,
500,97,True,0.99776339304761,0.00223660695239003,0.06688208956648914,1.0644906457861272,
500,98,True,0.9944819393444905,0.005518060655509527,0.1050529452753185,0.9449520793199178,
500,99,True,0.9969996964071067,0.003000303592893272,0.07746358619239341,1.130445759076074,
500,100,True,0.9994247483652031,0.0005752516347968806,0.03391906940931187,1.0908269908849197,
500,101,True,0.9963848980771177,0.00361510192288228,0.08503060534751204,1.0310315785761164,
500,102,True,0.9938337947851462,0.006166205214853782,0.11105138643757433,0.976800538786375,
500,103,True,0.9924020616151665,0.007597938384833469,0.1232715570181007,1.003833325647865,
500,104,True,0.9918171785929523,0.008182821407047736,0.12792827214535352,1.0423191859650025,
500,105,True,0.9926481278147806,0.007351872185219377,0.12125899707006924,0.9811632091499741,
500,106,True,0.99530733862343,0.004692661376569984,0.09687787545740392,1.0610584002557464,
500,107,True,0.9911918358631069,0.008808164136893115,0.13272651684492334,1.0503987302354334,
500,108,True,0.9925922227263803,0.007407777273619742,0.12171916261311999,1.0532236691605057,
500,109,True,0.9911518940276898,0.008848105972310227,0.13302710981082091,1.0294849567847997,
500,110,True,0.9880434902300591,0.011956509769940893,0.15463835080561844,1.042215135170932,
500,111,True,0.9985662326771223,0.0014337673228776993,0.05354936643654758,1.040518867883727,
500,112,True,0.989889045229602,0.010110954770398028,0.14220376064224355,1.0327524909666366,
500,113,True,0.9875408454242255,0.012459154575774511,0.15785534248656,1.1034404677949907,
500,114,True,0.9879052817867324,0.012094718213267575,0.15552953554400822,1.0269847223981998,
500,115,True,0.9900827520313665,0.00991724796863347,0.1408349954282209,1.0727278291058797,
500,116,True,0.9817885876386461,0.01821141236135393,0.1908476479360117,1.1018591887120206,
500,117,True,0.9895081269202127,0.010491873079787273,0.14485767552868709,1.0805449356441326,
500,118,True,0.9933954632214306,0.006604536778569425,0.1149307337361898,1.0117049932361162,
500,119,True,0.9934025902757386,0.006597409724261372,0.1148687052617999,1.1062492864559295,
500,120,True,0.993759687018579,0.006240312981421026,0.11171672194815965,0.97588574226609,
500,121,True,0.9961088089899486,0.00389119101005142,0.08821781010716075,0.8822325875184698,
500,122,True,0.9908085892701952,0.009191410729804783,0.13558326393626063,0.9340249278917679,
500,123,True,0.976515490632938,0.023484509367062034,0.2167233691463022,1.0548954175073872,
500,124,True,0.9944111923804899,0.005588807619510083,0.10572424149181756,1.0059270936098557,
500,125,True,0.9954809370974096,0.0045190629025904094,0.09506905808506355,0.9383140229451652,
500,126,True,0.9864028886343434,0.013597111365656556,0.1649067091761666,0.9802413470278749,
500,127,True,0.9977584303884128,0.0022415696115871686,0.06695624857453147,1.0479086934153445,
500,128,True,0.9943917123766134,0.00560828762338661,0.10590833417051258,1.0403603229225058,
500,129,True,0.9977727915107255,0.0022272084892744903,0.0667414187633815,0.9407196436769233,
500,130,True,0.9967680249433545,0.0032319750566455197,0.08039869472380314,0.9391485151124224,
500,131,True,0.994436383122991,0.005563616877009014,0.10548570402674476,1.1160112209845612,
500,132,True,0.9916405015681254,0.008359498431874557,0.12930196001511038,0.9730008509979263,
500,133,True,0.9941208283895504,0.005879171610449596,0.10843589452251874,1.0608022783593178,
500,134,True,0.9937288949264143,0.006271105073585748,0.11199200930053628,1.0011544928467477,
500,135,True,0.9973981025463841,0.0026018974536159423,0.07213733365762982,1.0441594470398392,
500,136,True,0.9865071406467731,0.01349285935322686,0.16427330491121755,0.9253171117491701,
500,137,True,0.9973063361854635,0.0026936638145365066,0.07339841707471176,0.9434546545183881,
500,138,True,0.993233115942448,0.006766884057551992,0.1163347244596546,1.0765632424199558,
500,139,True,0.9930027585822643,0.006997241417735722,0.1182982790892216,1.0886816163077737,
500,140,True,0.9931491128696133,0.006850887130386729,0.1170545781282107,1.0562420398665733,
500,141,True,0.9904612869087129,0.009538713091287065,0.1381210562607088,1.0062527597077116,
500,142,True,0.9965534653177199,0.003446534682280067,0.08302451062523686,0.8412948113091383,
500,143,True,0.9990836787333851,0.0009163212666148945,0.042809374361581616,0.960115299714696,
500,144,True,0.9913862198216232,0.008613780178376773,0.1312538013040141,0.9381244985102599,
500,145,True,0.9884517315491629,0.011548268450837118,0.1519754483516135,1.0802671626934375,
500,146,True,0.9987302491512929,0.001269750848707063,0.050393468797195105,1.0713642858223857,
500,147,True,0.9965536989894054,0.0034463010105946212,0.08302169608716259,0.9326754160604286,
500,148,True,0.997187978763407,0.0028120212365929653,0.07499361621622257,1.0339141916388996,
500,149,True,0.9976803522334857,0.0023196477665142767,0.06811237430179884,0.9844507712390148,
500,150,True,0.9928204091104866,0.007179590889513365,0.11982980338391001,0.9229259564403021,
500,151,True,0.9933448022103666,0.006655197789633416,0.11537068769521525,0.9439532969159952,
500,152,True,0.9929370629806515,0.007062937019348459,0.11885232029159862,1.1102825878785518,
500,153,True,0.9955598354837981,0.004440164516201883,0.09423549772990893,1.038504369637876,
500,154,True,0.9906056855384737,0.009394314461526276,0.1370716196849396,0.9194325944034882,
500,155,True,0.9858321919950188,0.014167808004981186,0.16833186272943793,0.9967115024735914,
500,156,True,0.9968408101770816,0.0031591898229184068,0.07948823589586866,1.0781894646426053,
500,157,True,0.9962175860618578,0.0037824139381421595,0.08697601897238169,1.1064179689931606,
500,158,True,0.995634600479233,0.004365399520766977,0.09343874486279378,1.0712562450853704,
500,159,True,0.9993138942429449,0.0006861057570550777,0.03704337341698199,0.9935544375522822,
500,160,True,0.9963793000710659,0.0036206999289341013,0.08509641507060021,1.080270220292926,
500,161,True,0.9958518328315186,0.004148167168481431,0.09108421563016848,0.9722914167078519,
500,162,True,0.9993727191028214,0.0006272808971785615,0.03541979382149751,1.0618559932835945,
500,163,True,0.9960335001746907,0.003966499825309278,0.08906738825529038,0.9941792768108466,
500,164,True,0.990928039753269,0.009071960246730959,0.13469937079831468,1.0838755358642453,
500,165,True,0.9942992836351453,0.005700716364854697,0.10677749168110959,0.9817533769176893,
500,166,True,0.9975338287233338,0.0024661712766661514,0.07023063828082812,1.0010988706545683,
500,167,True,0.9925300895420319,0.007469910457968076,0.1222285601483387,0.984077165649162,
500,168,True,0.9935298989273086,0.006470101072691414,0.11375500931995498,0.9174682831311797,
500,169,True,0.9953471373242984,0.004652862675701641,0.0964661876068668,0.9587041671152804,
500,170,True,0.9920683964998602,0.007931603500139772,0.12594922389709232,1.0255596936896925,
500,171,True,0.9891660987352603,0.01083390126473971,0.14719987272236176,0.9662397901039347,
500,172,True,0.9928682764064162,0.0071317235935838275,0.11942967465068195,1.000154911893547,
500,173,True,0.997413564447601,0.0025864355523990135,0.07192267448307417,0.9344340395086528,
500,174,True,0.9913320009759274,0.008667999024072559,0.13166623731293098,1.0137588106458288,
500,175,True,0.9965081805405234,0.0034918194594766305,0.08356816929282165,1.0070646146783309,
500,176,True,0.9912666953321706,0.0087333046678294,0.13216130044630708,1.079697171690061,
500,177,True,0.9919364889773289,0.00806351102267111,0.12699221253817858,0.9393517838096085,
500,178,True,0.9903758614240342,0.00962413857596578,0.13873816040272408,0.9178736857325025,
500,179,True,0.9921993479488947,0.00780065205110525,0.12490518044585201,1.1563894665556875,
500,180,True,0.975368443287843,0.024631556712157,0.2219529531777258,1.0467284141527486,
500,181,True,0.9900458147782477,0.009954185221752287,0.1410970249279002,1.0500290559465417,
500,182,True,0.9960596658438353,0.003940334156164682,0.08877312832343753,1.0699719427962537,
500,183,True,0.9941328283912285,0.005867171608771482,0.1083251735172527,1.0806278217174083,
500,184,True,0.9967270987338934,0.003272901266106576,0.08090613408273274,1.0508409418133517,
500,185,True,0.9969533928987852,0.003046607101214849,0.0780590430535095,0.9966482026270783,
500,186,True,0.9904077166308803,0.009592283369119659,0.13850836342343803,0.9665573309183989,
500,187,True,0.9949799620682322,0.005020037931767751,0.10020017895959799,1.0361362786783088,
500,188,True,0.9830248356891569,0.016975164310843116,0.1842561494813304,0.9651930540378388,
500,189,True,0.9957812670098444,0.004218732990155627,0.09185568017445003,1.0578220443713855,
500,190,True,0.9902652668544187,0.009734733145581265,0.13953302939147563,1.0119030905046202,
500,191,True,0.9887579337347515,0.011242066265248485,0.1499470991066401,1.130647765210547,
500,192,True,0.9950625960859595,0.004937403914040517,0.09937206764519449,0.9939325537148782,
500,193,True,0.9952215019925049,0.00477849800749508,0.09775988960197571,1.035547903484914,
500,194,True,0.9904364820835346,0.00956351791646537,0.13830052723301703,1.0107262164326056,
500,195,True,0.9840459177014894,0.015954082298510586,0.17862856601624907,1.0088455800296008,
500,196,True,0.9935357504769299,0.00646424952307012,0.11370355775497917,0.9573489985077055,
500,197,True,0.9907030396241002,0.009296960375899777,0.13635952754318315,1.0948037479258994,
500,198,True,0.9987346500091882,0.0012653499908118482,0.050306063070212556,1.0368147041443811,
500,199,True,0.9908436329366352,0.009156367063364756,0.13532455108637945,1.0093066223969513,
1000,0,True,0.9961536177880719,0.0038463822119281232,0.08770840566249263,1.058460822335838,
1000,1,True,0.9968402739998027,0.003159726000197316,0.07949498097612677,0.998655848921427,
1000,2,True,0.9981185767027679,0.0018814232972320655,0.06134204589402277,1.009130946501425,
1000,3,True,0.9979352081603856,0.0020647918396143883,0.06426183688028897,1.01021871292693,
1000,4,True,0.9942072274958494,0.005792772504150556,0.10763616960994636,1.0772183482358524,
1000,5,True,0.9938098798012757,0.006190120198724336,0.11126652864832458,1.0344038258648645,
1000,6,True,0.9951587376912299,0.004841262308770133,0.09839982021091459,1.0592081111954323,
1000,7,True,0.9967500207203601,0.0032499792796398808,0.080622320478138,0.9693331916031221,
1000,8,True,0.9977491085969084,0.0022508914030916483,0.06709532626184617,1.0174647707920919,
1000,9,True,0.998589887309867,0.0014101126901330252,0.05310579422498248,1.0308180092685735,
1000,10,True,0.9982479953311169,0.0017520046688831448,0.05919467322121203,1.0520233784635025,
1000,11,True,0.9988817393356493,0.0011182606643507231,0.047291873812541886,1.0056896466181058,
1000,12,True,0.9935002825902762,0.006499717409723771,0.11401506400229507,0.9796083271541354,
1000,13,True,0.9990130642005788,0.000986935799421218,0.04442827476779432,0.9783832831938042,
1000,14,True,0.998148628154032,0.001851371845967953,0.06085017413233871,0.990969576318444,
1000,15,True,0.991865718912078,0.008134281087922024,0.12754827390382142,0.9691073031898785,
1000,16,True,0.9989231849958884,0.0010768150041116087,0.04640721935457009,0.9578301749133162,
1000,17,True,0.9958847594697355,0.0041152405302644635,0.09072199876837204,1.0515226645652258,
1000,18,True,0.9926874665761162,0.007312533423883827,0.12093414260566816,0.9187575062143205,
1000,19,True,0.9968200366323686,0.0031799633676313777,0.07974914880588341,1.0318858940891071,
1000,20,True,0.9991855221054526,0.0008144778945473607,0.04036032444238956,1.00434677667531,
1000,21,True,0.9967325960511141,0.0032674039488859163,0.08083815867380889,1.0095433118484995,
1000,22,True,0.9986442569500803,0.0013557430499196998,0.052071931977212736,0.926786852857186,
1000,23,True,0.9995904866801792,0.00040951331982075345,0.028618641470927568,0.9373384943562237,
1000,24,True,0.997664459396354,0.002335540603646047,0.0683453085975338,1.0046088600410437,
1000,25,True,0.9993968234818221,0.0006031765181778725,0.034732593285786095,0.9160202047520329,
1000,26,True,0.9973718976307321,0.002628102369267915,0.07249968785129884,0.9942847810825227,
1000,27,True,0.9994511953698917,0.0005488046301083127,0.03313018654062332,0.9262112712036831,
1000,28,True,0.9953986670010859,0.004601332998914076,0.09593052693396453,0.9347437818519383,
1000,29,True,0.9933140901710676,0.006685909828932357,0.1156365844266631,1.0451993632216532,
1000,30,True,0.9989450781447574,0.0010549218552425854,0.04593303506720591,1.0269886675794477,
1000,31,True,0.992869604749657,0.00713039525034298,0.11941855174421673,1.0205928747769424,
1000,32,True,0.9974588160786029,0.0025411839213971277,0.0712907276074125,1.0412318723087852,
1000,33,True,0.9973300259115669,0.002669974088433058,0.07307494903772509,1.0752620431660516,
1000,34,True,0.9948317839329547,0.005168216067045317,0.10166824545594545,0.9671588292953555,
1000,35,True,0.99627595062459,0.0037240493754100434,0.08630236816460997,1.0463176821698952,
1000,36,True,0.9959632925466817,0.0040367074533183,0.08985218364979697,0.9897270557933919,
1000,37,True,0.9991140319202456,0.0008859680797543845,0.04209437206454861,0.9517455475964127,
1000,38,True,0.9932446940101555,0.006755305989844529,0.11623515810497687,1.0031650992902794,
1000,39,True,0.9960765915213343,0.00392340847866568,0.08858226096308265,1.071250267556028,
1000,40,True,0.995566835942011,0.004433164057988992,0.09416118157700587,0.9920255285631927,
1000,41,True,0.9941211998481462,0.005878800151853825,0.10843246886291674,1.0185930142528046,
1000,42,True,0.9968040293355412,0.003195970664458758,0.07994961744072003,0.9885953842993837,
1000,43,True,0.9973794104365541,0.0026205895634459075,0.07239598833424271,1.0256022699291458,
1000,44,True,0.9987466608345347,0.001253339165465328,0.05006673876867453,1.0070730015388858,
1000,45,True,0.99614721700994,0.0038527829900599775,0.08778135325978827,0.9890094249624738,
1000,46,True,0.9973890348203267,0.002610965179673297,0.07226292520612938,0.9857717035708435,
1000,47,True,0.9957405892255338,0.004259410774466232,0.09229746231036144,0.9380932331763753,
1000,48,True,0.9986566908505519,0.0013433091494481353,0.05183259880515348,0.9688536803119255,
1000,49,True,0.9987165803260278,0.0012834196739721637,0.05066398472233004,1.01611399206573,
1000,50,True,0.9923459268858814,0.007654073114118587,0.12372609356250325,1.096430407188166,
1000,51,True,0.9989569235429607,0.0010430764570392714,0.04567442297477024,0.9160079494423934,
1000,52,True,0.9951917648586028,0.004808235141397166,0.09806360325214607,0.9878754432708077,
1000,53,True,0.9975680312515076,0.0024319687484923858,0.06974193499598787,0.9714695887031845,
1000,54,True,0.9991205678934088,0.0008794321065912492,0.041938815114187934,0.9869114650289451,
1000,55,True,0.9943269673368342,0.005673032663165767,0.10651791082410221,0.9746986993566115,
1000,56,True,0.9984932098174522,0.0015067901825478458,0.05489608697435251,0.9970409197202571,
1000,57,True,0.9978155433733163,0.0021844566266836507,0.06609775528236121,1.035392659742257,
1000,58,True,0.9961560620146702,0.0038439379853297817,0.08768053359018411,0.979706548866962,
1000,59,True,0.9987743231434578,0.0012256768565421794,0.04951114736182788,0.968572681578598,
1000,60,True,0.9929290559902932,0.007070944009706759,0.11891967044780012,1.0118746446390445,
1000,61,True,0.997805267672854,0.002194732327145954,0.06625303505721045,1.0577324589860093,
1000,62,True,0.9984811799706655,0.0015188200293344556,0.05511478983602132,0.943703378164662,
1000,63,True,0.9991362001783286,0.000863799821671396,0.041564403560530296,1.024401666792649,
1000,64,True,0.9991043873340846,0.000895612665915424,0.042322870080262184,1.0060328937812344,
1000,65,True,0.9961853895094057,0.0038146104905942835,0.0873454119069143,1.0358698604116494,
1000,66,True,0.9975500974706416,0.0024499025293583943,0.06999860754841243,1.0048680763945983,
1000,67,True,0.9981657112578476,0.0018342887421524123,0.06056878308423322,0.9318975507090306,
1000,68,True,0.9914928478313031,0.008507152168696908,0.13043889119964927,1.0277623191142777,
1000,69,True,0.9941827259129007,0.005817274087099311,0.1078635627735273,0.8931864828359849,
1000,70,True,0.9990074588049422,0.0009925411950577612,0.04455426343365798,1.0277631372558884,
1000,71,True,0.9890474696662958,0.010952530333704247,0.14800358329246135,0.9908064280936405,
1000,72,True,0.9980756726986311,0.0019243273013689333,0.062037525762540305,1.0480376663123643,
1000,73,True,0.9932986068953502,0.006701393104649789,0.11577040299359556,0.993968545474152,
1000,74,True,0.9965728522994164,0.0034271477005836104,0.08279067218695256,1.0049118845498803,
1000,75,True,0.9983728352007721,0.0016271647992278648,0.05704673170704488,0.9759770982386425,
1000,76,True,0.9973489183169055,0.0026510816830944695,0.07281595543690143,1.0133237364201515,
1000,77,True,0.9944004947945049,0.0055995052054951255,0.10582537697069831,0.9831407934133126,
1000,78,True,0.9958692109173501,0.004130789082649855,0.09089322397901514,1.0264585985593542,
1000,79,True,0.9980593397783807,0.001940660221619317,0.06230024432727818,1.0464154888410269,
1000,80,True,0.9976588790717906,0.0023411209282093726,0.06842690886208008,1.0592168804878552,
1000,81,True,0.9985405946632996,0.0014594053367004145,0.05402601848555087,0.9317219891455231,
1000,82,True,0.9989032531296638,0.0010967468703362293,0.04683474928589368,0.9848076800622104,
1000,83,True,0.9961795158355451,0.003820484164454907,0.08741263254764592,1.0217168172717177,
1000,84,True,0.9958377112814906,0.004162288718509433,0.09123912229421724,1.023741545769054,
1000,85,True,0.9965527759553313,0.003447224044668684,0.08303281332905142,1.0169259024845287,
1000,86,True,0.9920922703430125,0.007907729656987494,0.1257595297143526,1.1183910172460407,
1000,87,True,0.9995428655882392,0.0004571344117607623,0.03023687853469301,1.0748972269400199,
1000,88,True,0.9967550219752773,0.003244978024722678,0.08056026346435143,0.9676811552487812,
1000,89,True,0.9940266700903861,0.005973329909613856,0.10930077684640573,0.9941211124497764,
1000,90,True,0.9993646629370687,0.0006353370629312849,0.03564651632154775,1.0384206333325745,
1000,91,True,0.9954648245374498,0.004535175462550223,0.0952383899753685,1.0089273314041265,
1000,92,True,0.9963199389213663,0.003680061078633723,0.08579115430665053,0.9335880525274709,
1000,93,True,0.9966366377337363,0.0033633622662636586,0.08201661132067921,0.9824630115734501,
1000,94,True,0.9976621802160803,0.00233781978391967,0.06837864847917877,1.0207556284517831,
1000,95,True,0.9970882873231384,0.002911712676861633,0.07631137106436645,0.9934352726154226,
1000,96,True,0.9974210391026389,0.0025789608973610934,0.07181867302256596,0.9464357722719636,
1000,97,True,0.9983360747754112,0.0016639252245888025,0.057687524207387396,0.9760670664953629,
1000,98,True,0.9995754551735133,0.00042454482648668357,0.02913914296910013,1.0013926181010053,
1000,99,True,0.9984481181877243,0.0015518818122757239,0.055711431722324796,0.9826457478285223,
1000,100,True,0.9956551283728443,0.004344871627155689,0.09321879238818287,1.0451950033760304,
1000,101,True,0.9950235878611476,0.00497641213885236,0.09976384253678564,0.954471855097259,
1000,102,True,0.9989750214155565,0.0010249785844435033,0.045276452697698304,1.0496581214940246,
1000,103,True,0.9942991092780441,0.005700890721955898,0.10677912456988986,0.9502367580301275,
1000,104,True,0.9911847216339579,0.008815278366042123,0.13278010668802767,1.0052122083173347,
1000,105,True,0.9964646288945155,0.0035353711054845194,0.08408770546857082,1.0454927721828218,
1000,106,True,0.9972209207133433,0.0027790792866566605,0.07455305877905491,0.985349135274226,
1000,107,True,0.994750963240821,0.005249036759178982,0.10246010696050407,1.0659878437940324,
1000,108,True,0.996699802595316,0.0033001974046840132,0.08124281389371045,0.9532631209215737,
1000,109,True,0.9965313478235351,0.0034686521764648592,0.08329048176670503,0.9873146391921017,
1000,110,True,0.9988117612902474,0.0011882387097525982,0.04874912737172949,0.9233964918138369,
1000,111,True,0.9989341503057073,0.0010658496942926865,0.04617033017626833,1.0049759963745346,
1000,112,True,0.9989126740105768,0.0010873259894231824,0.04663316393776387,0.9766489670539558,
1000,113,True,0.9979871573600909,0.002012842639909085,0.06344828823394844,1.0122540132494953,
1000,114,True,0.9952592046363693,0.004740795363630701,0.09737346007645788,1.0073979029950964,
1000,115,True,0.993819598185933,0.0061804018140669825,0.11117915104970913,1.030358698696802,
1000,116,True,0.9964594659713131,0.003540534028686926,0.08414908233233438,0.9252825587525261,
1000,117,True,0.9942218642998163,0.005778135700183706,0.10750009953654698,1.0472227524080102,
1000,118,True,0.9990068112885563,0.0009931887114437155,0.04456879427230365,1.011137892456345,
1000,119,True,0.9985366016821792,0.0014633983178208299,0.054099876484530435,1.0269046303313278,
1000,120,True,0.9962654956946704,0.0037345043053296223,0.08642342628396248,1.080729441298904,
1000,121,True,0.988825144933247,0.011174855066752976,0.1494981944155381,0.9939043502609106,
1000,122,True,0.9962944686352161,0.0037055313647839094,0.08608752946604943,1.0146178387785791,
1000,123,True,0.9980197477827225,0.0019802522172774895,0.06293253875821912,1.0181063726200874,
1000,124,True,0.9960387371243211,0.003961262875678884,0.08900857122411204,1.0188556014390648,
1000,125,True,0.9969569970363391,0.00304300296366089,0.07801285744876557,1.032683954806064,
1000,126,True,0.9971406361018079,0.00285936389819208,0.07562227050534932,0.9936129021519904,
1000,127,True,0.9980474419596839,0.0019525580403161324,0.062490927986647064,0.9785685143988607,
1000,128,True,0.999575377901533,0.00042462209846705345,0.0291417946759328,0.9313912925515616,
1000,129,True,0.9977665182142197,0.0022334817857803113,0.06683534672282637,1.040538304151586,
1000,130,True,0.9975981399247377,0.00240186007526233,0.06930887497661822,0.963807478160011,
1000,131,True,0.9947100663016623,0.005289933698337745,0.10285848237591118,0.968787705300309,
1000,132,True,0.9910246222274651,0.008975377772534876,0.13398042970922958,0.960308236313384,
1000,133,True,0.9990593152153299,0.0009406847846701316,0.04337475728278022,0.9107669947688714,
1000,134,True,0.9988761735115733,0.0011238264884266824,0.047409418651290176,1.0015158919868958,
1000,135,True,0.9979176941597615,0.0020823058402384964,0.06453380261906866,0.9911581064890845,
1000,136,True,0.9988575197592947,0.0011424802407052903,0.04780126024918712,1.014638295461275,
1000,137,True,0.9949467503102591,0.005053249689740857,0.10053108663235336,0.973519589684272,
1000,138,True,0.998485118718901,0.0015148812810990009,0.05504327899205849,1.0367803531903492,
1000,139,True,0.9896735875473095,0.010326412452690503,0.1437109073987814,0.9368476697985483,
1000,140,True,0.996268324790597,0.003731675209402985,0.0863906847918575,0.9735144944443666,
1000,141,True,0.9972780277293405,0.0027219722706595118,0.07378309116131714,1.0060079121646546,
1000,142,True,0.9979295876686838,0.002070412331316218,0.0643492397984013,1.033582667627478,
1000,143,True,0.9947241457177646,0.005275854282235426,0.10272150974587052,1.0585924572665595,
1000,144,True,0.9965986482070867,0.003401351792913343,0.0824785037802384,1.024774821595752,
1000,145,True,0.9926161569607861,0.007383843039213911,0.12152236863404105,0.964541596850395,
1000,146,True,0.9952880691321424,0.004711930867857594,0.09707657665840559,0.9729448182667721,
1000,147,True,0.9958375559744733,0.004162444025526679,0.0912408244759621,1.0552855307763669,
1000,148,True,0.9994440583552537,0.0005559416447462606,0.033344913997381126,1.0459240488960424,
1000,149,True,0.9981051598157099,0.001894840184290092,0.061560379860587405,0.9651929117939598,
1000,150,True,0.9989561184629514,0.0010438815370485965,0.045692046070374207,0.9688711199989858,
1000,151,True,0.9962433629115293,0.003756637088470738,0.08667914499429158,0.9824214906014985,
1000,152,True,0.9974425159191953,0.002557484080804695,0.07151900559717944,1.0226492170948125,
1000,153,True,0.9986011852567533,0.0013988147432466569,0.05289262223120888,1.0012442507888972,
1000,154,True,0.991930226744057,0.008069773255943047,0.1270415149149539,1.0529250797858365,
1000,155,True,0.9950905342371879,0.0049094657628121485,0.09909052187582931,0.9808925845857557,
1000,156,True,0.9991452531107822,0.0008547468892178278,0.041346024941170983,1.0361320430542054,
1000,157,True,0.9964688435827969,0.0035311564172031407,0.0840375679943565,0.9679993765572884,
1000,158,True,0.9993200413268092,0.0006799586731908169,0.03687705718168884,1.0001803574997716,
1000,159,True,0.9983318708668788,0.001668129133121199,0.05776035202665091,1.0266695966690622,
1000,160,True,0.9947573442179773,0.005242655782022654,0.10239781034790404,0.9697448822679013,
1000,161,True,0.9942568769108232,0.005743123089176794,0.10717390623819552,1.0123898831237743,
1000,162,True,0.9988751071217333,0.00112489287826667,0.04743190652433479,1.070991998863596,
1000,163,True,0.9971426015751262,0.0028573984248737583,0.07559627536954175,1.070194514185567,
1000,164,True,0.9980178133162049,0.0019821866837951285,0.06296326998806615,1.0128536573132196,
1000,165,True,0.9946976930683625,0.005302306931637468,0.10297870587298609,0.9826780338054663,
1000,166,True,0.9965881183404991,0.003411881659500904,0.0826060731363123,0.9709126627996613,
1000,167,True,0.998591667959863,0.001408332040137017,0.053072253393595385,1.0027059673021719,
1000,168,True,0.9979655236861523,0.0020344763138476774,0.06378834241219383,1.0338241139101387,
1000,169,True,0.9983725702783933,0.0016274297216066769,0.05705137547170401,0.9503270421208243,
1000,170,True,0.9976924462379196,0.002307553762080361,0.06793458268187987,1.0415015417691729,
1000,171,True,0.9959019815692807,0.00409801843071933,0.09053196596472778,0.9839277145696051,
1000,172,True,0.991523562960312,0.008476437039688034,0.13020320303040306,1.0037086685235967,
1000,173,True,0.9922833100633247,0.007716689936675292,0.12423115500288552,1.013319172741343,
1000,174,True,0.9954206916976185,0.004579308302381513,0.09570066146460578,0.9415444086765724,
1000,175,True,0.9985252661533522,0.0014747338466477578,0.054309001954517634,1.007144714756158,
1000,176,True,0.9969777084754651,0.0030222915245349258,0.07774691665313466,1.010608806787757,
1000,177,True,0.9992383922649806,0.0007616077350194317,0.039028393126532536,0.9090424615842803,
1000,178,True,0.9974162349545272,0.0025837650454727523,0.07188553464324489,0.9732036828844056,
1000,179,True,0.9965661720880875,0.0034338279119124904,0.08287132087655578,0.9620584005122769,
1000,180,True,0.9983104410020347,0.0016895589979653014,0.05813018145447892,1.0066552498172598,
1000,181,True,0.9984233746027,0.0015766253972999689,0.05615381371376259,0.9670415169115245,
1000,182,True,0.9964864278428733,0.0035135721571266654,0.08382806400158227,0.9609178240004473,
1000,183,True,0.996999416937812,0.003000583062187978,0.07746719385892445,1.041952360587744,
1000,184,True,0.999807256460541,0.0001927435394589727,0.019633824867251144,0.9859751939370325,
1000,185,True,0.997707007097259,0.0022929929027409868,0.06771990701028592,0.9817402609871627,
1000,186,True,0.9980509192649782,0.0019490807350217576,0.06243525822837438,0.9632513003036943,
1000,187,True,0.9984179436180785,0.0015820563819215483,0.0562504467879441,1.031889328338611,
1000,188,True,0.99844923899932,0.0015507610006799677,0.0556913099267743,1.0268466415507562,
1000,189,True,0.9957135127094979,0.004286487290502072,0.0925903590067793,0.9651465153500237,
1000,190,True,0.999449868157211,0.000550131842788959,0.03317022287501035,0.9660681122905787,
1000,191,True,0.9960999676988784,0.00390003230112157,0.08831797440070122,0.9183158476019284,
1000,192,True,0.9985579728686337,0.001442027131366319,0.053703391538454374,1.1236797788294657,
1000,193,True,0.9980482710393649,0.001951728960635113,0.062477659377333544,1.0287397876397186,
1000,194,True,0.9970254072111198,0.002974592788880237,0.07713096380676218,1.0313772378531634,
1000,195,True,0.9961349292375009,0.00386507076249909,0.08792122340480939,0.9409076789951463,
1000,196,True,0.9954831479159535,0.004516852084046508,0.09504580037062928,1.053855082703519,
1000,197,True,0.9950018451928547,0.004998154807145272,0.09998154636876895,0.9894138333479607,
1000,198,True,0.9917888748747101,0.008211125125289875,0.12814932793651163,0.8843085020936089,
1000,199,True,0.997670045715972,0.0023299542840280463,0.068263522968391,1.0161351947177129,
