partida,share_pct,nota
salud,9.0,"Finalidad Salud, EJECUTADO 2023: Q10,353.6 MM / Q114,989 MM ejecutado total. Fuente: ICEFI 'Análisis del presupuesto aprobado para 2026' (12 nov 2025), Tabla 8 'Gasto público social 2020-2026' (columna 2023). Total ejecutado 2023 derivado igual que el CSV 2024: GPS 2023 Q63,014.0 MM / 54.8% (GPS%% del presupuesto total, misma Tabla 8). MISMA fuente/método que minfin_2024_ejecutado.csv."
educacion,22.74,"Finalidad Educación, EJECUTADO 2023: Q26,146.3 MM / Q114,989 MM. Fuente: ICEFI nov 2025, Tabla 8 (columna 2023). Incluye Mineduc + USAC + obligaciones sociales educativas, igual que la definición de finalidad usada en 2024."
seguridad,9.19,"Mingob (Q7,383.5 MM) + Mindef (Q3,222.3 MM) = Q10,605.8 MM, APROBADO 2023 (Tabla 7 ICEFI 'Análisis del presupuesto aprobado para 2023', dic 2022) sobre techo aprobado Q115,443.7 MM. CAVEAT DE BASE: el CSV 2024 usó VIGENTE por entidad; aquí uso APROBADO porque el PDF dic-2022 no trae columna vigente-2023 (su columna vigente es 2022). Diferencia aprobado-vs-vigente a verificar."
infraestructura,5.02,"Micivi (Comunicaciones, Infraestructura y Vivienda) APROBADO 2023: Q5,791.6 MM / Q115,443.7 MM (Tabla 7 ICEFI dic 2022). Nota: el proyecto original recortó Micivi en Q4,163.9 MM vs vigente 2022 (Q9,905.5 MM) por no repetir ampliaciones extraordinarias de 2022."
agro_desarrollo_rural,1.31,"MAGA APROBADO 2023: Q1,514.2 MM / Q115,443.7 MM (Tabla 7 ICEFI dic 2022). No incluye programas rurales en otras carteras (misma exclusión que 2024)."
proteccion_social,9.97,"Finalidad Protección Social, EJECUTADO 2023: Q11,466.7 MM / Q114,989 MM. Fuente: ICEFI nov 2025, Tabla 8 (columna 2023). Incluye Mides + clases pasivas + bono familia + obligaciones constitucionales sociales, igual que 2024."
servicio_deuda,13.98,"Servicios de la Deuda Pública APROBADO 2023: Q16,141.7 MM / Q115,443.7 MM = 14.0% (Tabla 7 ICEFI dic 2022; el texto pág. 38 confirma 'asignación aprobada para 2023 de Q16,141.7 millones (14.0%)'). Incluye intereses + comisiones + amortizaciones. CAVEAT: el CSV 2024 cita 14.7% (intereses+amortización) de Figura 18 nov 2025; aquí es la línea presupuestaria de deuda aprobada. A verificar la comparabilidad de base."
justicia,4.0,"ESTIMACIÓN (baja confianza): OJ (~2% constitucional) + MP + IDPP + INACIF + TSE. Estas entidades NO aparecen como líneas separadas en la Tabla 7 ICEFI 2023 (están consolidadas dentro de OEACT, Q40,114.0 MM aprobado). Valor arrastrado de la metodología 2024 (4.0%); 2023 fue año electoral (TSE +Q50 MM, OJ +Q400 MM, MP +Q200 MM vía art. 120 Decreto 54-2022). REQUIERE VERIFICACIÓN o desglose de OEACT."
otros,24.79,"Residuo a 100. Incluye Presidencia, Minex, Minfin, Mintrab, Mineco, MEM, Micude, Marn, Secretarías, PGN, resto de OEACT (transferencias municipales 10%% constitucional, Codede, aportes IGSS no-pensiones, USAC, CC, etc.). Absorbe también el pequeño desajuste de denominadores (ejecutado Q114,989 MM para sociales vs techo aprobado Q115,443.7 MM para entidades; difieren solo ~0.4%, mucho menos que el ~8%% del CSV 2024)."
